R_f_c,c_tilde_c,R_f_a,c_tilde_a,c_lyte,J1,c_c_1,c_c_2,c_c_3,c_c_4,c_c_5,dV_1,dV_2,dV_3,dV_4,dV_5,error_1,error_2,error_3,error_4,error_5
5.488,0.943,6.028,0.909,0.885,7.897742412882975,0.8,0.651,0.569,0.4,0.4,-0.19999875748383383,0.1999990572250856,-0.19999996525104793,-0.12270796228290443,0.19999965514921894,0.0022384542220765928,2.5813288708845678e-05,0.004746710177328174,0.00012445930737761646,0.0003896853273926894
4.17,0.944,0.001,0.86,0.829,-4.775498617166088,0.8,0.589,0.589,0.589,0.4,-0.19999934661438398,0.19999040302177049,-0.19999983165680565,0.05000022400745839,0.1999989063290472,0.0013746177968677973,1.8288292041693622e-05,0.00040217343159974425,3.190420821835294e-05,4.642301455818737e-05
4.36,0.805,5.497,0.887,0.884,6.647436441098598,0.8,0.8,0.627,0.437,0.4,0.05000017852649332,-0.19999952104643187,0.19999776395495003,-0.19999845031888405,0.19999941642746472,0.001582663661261522,2.287435843520935e-05,0.0027872157275647554,0.00011680234243772799,0.0002024152973284541
5.508,0.942,2.909,0.902,0.979,4.341788863071015,0.8,0.605,0.602,0.4,0.4,-0.19999727358387853,-0.1999999142594962,0.19999862392416204,0.19999970586406693,-0.13752360121936183,0.0027478733628783303,2.362272302834201e-05,0.0015228830146533018,7.575682110061705e-05,0.000263687327728225
9.67,0.909,9.727,0.943,0.94,13.512274670663992,0.8,0.675,0.575,0.401,0.4,-0.1999991470177059,0.1999996120336961,-0.19999958699787482,-0.12985225705298237,0.1999991841394496,0.005995709796721787,3.830198426551159e-05,0.007112707699867054,0.00018431935046601795,0.000581794434987198
2.22,0.974,2.067,0.984,0.898,-3.168467353140417,0.8,0.607,0.569,0.4,0.4,-0.19999966994031412,0.1999993130026665,-0.19999921676206178,-0.12047755563003137,0.19999925858674222,0.0006176380296988059,1.1829126153232256e-05,0.0010060411770192424,6.383349648918602e-05,0.0001048162131850962
8.929,0.866,8.212,0.808,0.822,12.457043076279682,0.8,0.8,0.626,0.4,0.4,0.19999830928540552,-0.19999990416559327,0.1999980201444017,0.19999951964538787,-0.19999963535793927,0.004605833362200009,3.757445193562759e-05,0.004728459987100321,0.00013461027007378345,0.000538734961259533
0.763,0.956,4.384,0.945,0.996,-3.235335464458818,0.8,0.642,0.527,0.444,0.4,-0.19999502376640016,0.199996905549689,-0.19999903008121359,0.06643691517514091,0.19999967774499883,0.00023894455421776193,9.614835002746939e-06,0.002193257736265041,8.04878837890035e-05,6.60376269822353e-05
8.734,0.994,8.692,0.906,0.847,11.792548039147718,0.8,0.68,0.593,0.4,0.4,-0.19999953859243086,0.1999984028648374,-0.1999998432998802,-0.13344005574606105,0.19999998555199366,0.003975998789691227,4.0535150205800865e-05,0.009068579770800278,0.0001753538824095727,0.0005168574637027722
0.104,0.9,4.958,0.827,0.828,-1.348714821714153,0.8,0.8,0.607,0.483,0.4,0.19999959821797025,-0.19999934189847957,0.19999899075184693,-0.19999834824764265,0.1999989286055691,0.0001966998684756915,9.954055937857251e-06,0.002649450005646335,8.898132945569709e-05,9.835864009559478e-05
7.713,0.804,6.336,0.95,0.9,10.417585441842057,0.8,0.633,0.489,0.401,0.4,-0.19999839555612606,0.19999997626579452,-0.19999992527963223,-0.0590746821908729,0.19999991859145294,0.005185474938231663,4.187080873470451e-05,0.0033617710610756384,0.0001485792344887364,0.0003744602841337985
1.803,0.804,4.632,0.945,0.884,2.726463097507612,0.8,0.8,0.612,0.454,0.4,0.05000089979333769,-0.19999960152951574,0.19999961837002286,-0.19999956206060973,0.19999979628279363,0.000703287306060628,1.613485904950108e-05,0.002199805063026977,0.0001108315334995581,0.00014144732357385855
1.542,0.948,2.633,0.907,0.803,-1.7795959984282548,0.8,0.622,0.614,0.501,0.4,-0.19999848566158107,-0.05000178886276877,0.19999892011917106,-0.19999968108862562,0.19999994175374639,0.0004206169663482912,1.302547252908494e-05,0.0015165048525784056,7.039289565884475e-05,0.00011206593006605952
7.777,0.848,8.243,0.993,0.995,11.53983882115325,0.8,0.649,0.552,0.4,0.4,-0.19999968829857362,0.1999999855423846,-0.1999987745562488,-0.11486069751211693,0.19999963140995566,0.004890390728993342,3.3476370687537126e-05,0.004747712634737038,0.00018552561870607484,0.0004311235385800755
5.139,0.955,8.704,0.802,0.862,8.993286611845251,0.8,0.715,0.474,0.473,0.4,-0.19999941547157707,0.19999973015869094,0.07068771521839538,-0.19999888766592303,0.19999981766729222,0.001148026118692461,2.6176698163737616e-05,0.0072999957824644544,0.00012489337370030404,0.0003153742741202258
8.488,0.836,0.544,0.872,0.855,0.4424895710971294,0.8,0.769,0.546,0.546,0.4,-0.1999999736785388,0.05000042969095437,-0.1999999742378117,0.19999992954546456,0.1999981970896939,0.0036860659139682354,2.7218495244708195e-05,0.0006163501193951247,4.5604690785830554e-05,4.951537740358033e-05
2.233,0.905,5.507,0.809,0.872,4.078322128496371,0.8,0.663,0.445,0.445,0.4,-0.19999884288630615,0.1999992965844438,0.07751977132762923,-0.19999880439841106,0.19999977737025193,0.0005136266175062041,1.679773137781302e-05,0.0037255637434600477,9.783290675637937e-05,0.00021739325941899068
2.947,0.906,1.915,0.814,0.957,1.6026652826784298,0.8,0.706,0.602,0.491,0.4,-0.19999976625393112,-0.0811991284238154,0.19999966881233963,-0.19999988424964837,0.19999950797800975,0.0010218586869168748,1.8866710769615587e-05,0.0015296938391280524,5.2286666776080395e-05,0.00024317287690359785
6.504,0.901,8.786,0.836,0.97,10.804716932293891,0.8,0.8,0.632,0.492,0.4,-0.19999954499953057,0.19999980050053856,0.19969662805916977,-0.19999948557699085,0.1999973156714439,0.0023931091380939816,2.7452145823170315e-05,0.006360020522341086,0.00013999776496724127,0.0004669521434314847
0.975,0.952,2.469,0.828,0.866,-2.4142159447418963,0.8,0.631,0.631,0.515,0.4,-0.199999377431001,0.1999951367384192,-0.0500004569896824,-0.19999922482798616,0.19999980380824656,0.00026130376555207584,1.1389863872325518e-05,0.0018053685256983422,5.441523463684069e-05,0.00012997503391552642
5.881,0.98,8.915,0.963,0.807,9.278817140075345,0.8,0.8,0.673,0.468,0.4,-0.19999826309033714,-0.050002095286096226,0.1999997242289617,-0.19999857474590288,0.1999998834618076,0.001744297170187233,2.7987741017391018e-05,0.008244631216387393,0.0002020241538501947,0.0003280681864309785
0.487,0.858,7.21,0.804,0.841,1.9038747665275486,0.8,0.8,0.556,0.556,0.4,0.19999971431628263,-0.19999991602300315,-0.1999999486165018,0.1996753957792212,0.1999986650692511,0.00032113461456637993,1.2262520329906632e-05,0.004027022159974127,0.0001320053999269841,0.00010193518116643833
2.085,0.896,4.205,0.972,0.834,1.909906618264265,0.8,0.617,0.495,0.4,0.4,-0.19999941346475272,0.1999956153984313,-0.19999978721997508,-0.050003167502615305,0.19999758947471166,0.0007308356903915409,1.54862700073962e-05,0.0023365167722296984,0.00010533733257885462,0.00017097439250068983
5.173,0.989,7.655,0.856,0.844,8.14880698240264,0.8,0.677,0.486,0.4,0.4,-0.19999893258664972,0.19999944366178496,-0.1999995894532989,0.07544943542624118,0.19999958598432088,0.0012113510231360185,2.642401798571453e-05,0.00728319687761674,0.00012325293730340844,0.0003393430622007112
9.6,0.94,9.999,0.844,0.872,13.950720261632583,0.8,0.743,0.742,0.492,0.4,-0.19999956307298397,0.1999996512678543,-0.08929046596641879,-0.19999999693081147,0.19999755619656365,0.004406030160468661,4.416674040207138e-05,0.009181641673038185,0.00015710411148570002,0.0006615698694570817
8.701,0.916,2.788,0.837,0.882,7.168134404574151,0.8,0.614,0.548,0.548,0.4,-0.19999934925222526,0.1999999395350096,-0.19999991356983995,-0.06381559413803803,0.19999731911526725,0.005145218975136446,3.4261236542000115e-05,0.0015329956873966696,7.027632677037423e-05,0.00028947603877622967
3.079,0.904,7.683,0.958,0.974,6.058904138962223,0.8,0.657,0.491,0.402,0.4,-0.19999895148802638,0.19999973733453963,-0.19999959723662708,0.06830974044090761,0.19999898304257704,0.00076379116723623,1.8304941475664027e-05,0.004995646607928777,0.00014919666622277214,0.0002263544295042749
4.257,0.963,7.354,0.974,0.877,6.9974417076246365,0.8,0.659,0.572,0.4,0.4,-0.19999971908219366,0.19999928029030362,-0.19999884143735883,0.19999862056956194,-0.12856515610817001,0.0013245271316458043,2.1645714721392896e-05,0.006667825628654332,0.0001723345338585582,0.0003267492569870959
7.29,0.912,1.25,0.88,0.956,2.637926914481327,0.8,0.724,0.581,0.403,0.4,-0.1999993006325451,0.05000048726927385,0.19999907318268087,-0.19999995293424072,0.19999834205725164,0.004077807942332121,2.616242213134869e-05,0.0008081283417345975,5.439187817205927e-05,0.00015075485753461592
8.638,0.857,0.733,0.953,0.891,-0.38996224766390375,0.8,0.746,0.561,0.4,0.4,-0.19999712263650127,0.0500006774368154,0.19999986459709385,-0.1999995797238223,0.1999996595713631,0.0033182784950810088,2.6447714456910984e-05,0.0005624928692473445,4.925655499556727e-05,4.70468197624798e-05
6.441,0.876,6.63,0.833,0.993,10.172629570344002,0.8,0.8,0.587,0.587,0.4,0.19999952224120032,-0.19999889284068006,-0.19999974784376134,0.19999600869091644,0.19999987489798102,0.0031946980302945977,2.7285476700052994e-05,0.004432422030582368,0.00012209068119994096,0.000483834481408021
2.861,0.992,7.703,0.997,0.842,5.811796906279384,0.751,0.751,0.483,0.401,0.4,0.19999992461984645,-0.19999852648072244,-0.19999987313224638,0.08513988444984356,0.19999995638961995,0.0007130009382206721,2.4195930056242014e-05,0.007581934225016858,0.00021018140475591874,0.00024726516323805327
8.589,0.875,5.551,0.991,0.947,9.483122792559175,0.8,0.625,0.423,0.423,0.4,-0.1999987351951037,0.19999555682011255,-0.054930763826505094,-0.19999990322206254,0.199996609346788,0.006383220812971628,3.109684629912906e-05,0.002813730978784051,0.0001400401872903143,0.000322951728725613
2.485,0.89,4.109,0.852,0.974,3.838117884212025,0.8,0.8,0.619,0.51,0.4,0.19999961502986485,-0.19999985925425412,0.19999930123645754,-0.19999994538315782,0.1999949168336365,0.0009019884933740984,1.5077953681548773e-05,0.0035228715669414004,8.092244439545657e-05,0.00034069136291787485
0.386,0.956,0.927,0.927,0.803,-8.682878748246914,0.8,0.59,0.526,0.525,0.4,-0.199999881181729,0.19999982762683902,-0.19999911699248848,-0.05004937553074558,0.19999832538771803,0.00021358011456892048,8.165528631269684e-06,0.0005963191869114325,3.9212634776924624e-05,5.751709725094239e-05
4.581,0.862,2.315,0.855,0.963,3.494496893864877,0.8,0.8,0.601,0.447,0.4,0.05000113945659123,-0.19999823325053326,0.19999948669722437,-0.1999989001307055,0.19999929222919205,0.0020813639295823375,2.1398372486674233e-05,0.0012723560004118766,6.550979603191143e-05,0.00020099106181553612
7.285,0.92,9.522,0.829,0.961,11.703749720888384,0.8,0.691,0.485,0.401,0.4,-0.19999953405414286,0.19999940978826244,-0.19999870883680326,0.06385455177637642,0.1999996559911045,0.0022240035619335453,3.2455867620869375e-05,0.007155456909571807,0.00014421173920706662,0.0004261026180483098
9.445,0.893,1.928,0.916,0.924,4.53095846527051,0.8,0.795,0.588,0.403,0.4,-0.19999999252451736,0.050001663917948164,0.19999845667561453,-0.199999098088081,0.19999895952080235,0.005365069355637146,3.1044882157108846e-05,0.001027851817946071,6.853636886290819e-05,0.00013520908635822774
3.848,0.972,9.442,0.941,0.927,6.979942914794586,0.8,0.706,0.519,0.519,0.4,-0.1999999714718653,0.19999997177204173,-0.19999829264125335,0.06473387746301988,0.1999998681375928,0.000770174884841476,2.0744225973704138e-05,0.00807461888206728,0.0001808249312804691,0.00021239091561186754
5.469,0.96,8.204,0.824,0.92,8.771897784555794,0.8,0.685,0.491,0.4,0.4,-0.19999784135635523,0.19999931525287376,-0.19999995285591626,0.06734070154547055,0.1999997508484728,0.0012554468388269802,2.6920344112280184e-05,0.006374441407081266,0.00012136581370422656,0.00030041431145828
4.077,0.811,7.885,0.857,0.89,8.021635150099808,0.8,0.8,0.612,0.451,0.4,-0.1999994257984684,0.19999885520547536,0.19999872485253015,-0.19999860508562092,0.19999970450779958,0.0013888895516976421,2.0994831092501133e-05,0.004317571467881148,0.00014704260363115125,0.0002432057574038281
2.509,0.809,6.768,0.809,0.823,5.573806359079179,0.8,0.8,0.609,0.441,0.4,0.1999997994729371,-0.19999991959517016,0.19999559668322014,-0.19999933874951567,0.19999953512866475,0.0007599468602178328,1.7187602486764458e-05,0.003510869799962951,0.00012266737027867805,0.00018057761629792604
3.745,0.99,7.32,0.92,0.831,5.924957707222143,0.8,0.796,0.667,0.488,0.4,-0.19999963133196558,-0.05000024960009172,0.19999800138256016,-0.1999995276897413,0.19999984396657058,0.0007711445386328268,2.117533127102402e-05,0.006635582665735262,0.00015219787648922955,0.00024810883737928584
1.151,0.922,1.334,0.848,0.865,-3.406579566289633,0.8,0.606,0.568,0.567,0.4,-0.19999979571958948,-0.05000169040950671,-0.19999981567797886,0.19999968568720355,0.1999973661151433,0.0004185261767433323,1.2366614045889939e-05,0.0009742760230286698,4.566784360727875e-05,0.00011613142937516925
8.348,0.821,7.446,0.872,0.872,12.090935019850676,0.8,0.688,0.687,0.4,0.4,-0.19999982792047996,0.19999897228093574,-0.0739775152773058,0.1999994702134912,-0.19999998215083495,0.005443322243000545,4.632005232318076e-05,0.004116882196812065,0.00014358384968068152,0.0005037243525598495
9.89,0.91,2.814,0.815,0.889,7.950238795961984,0.8,0.71,0.616,0.44,0.4,-0.19999883082614103,-0.07390341618451107,0.19999702439088374,-0.199999499821357,0.19999972153472426,0.006266436324323219,3.759142894930085e-05,0.0015262635345536383,6.788670722192572e-05,0.0003097137593546499
7.838,0.927,2.49,0.952,0.863,3.9527562896757247,0.8,0.8,0.596,0.435,0.4,-0.1999993187116786,0.05000008665945835,0.19999799647360936,-0.19999675209462112,0.1999980422517878,0.0035633899313284477,2.8986309626863712e-05,0.0011806607224294048,7.934091603338225e-05,0.00013100011579066497
1.135,0.995,7.287,0.87,0.942,-0.07214468686840686,0.8,0.8,0.653,0.478,0.4,0.1999996798442664,-0.19999958861537487,0.19999665736448358,-0.19999941426117215,0.12415122137277917,0.00021524775914994756,1.0420155294572203e-05,0.004356759353005058,0.00013718229172339584,7.418061936364548e-05
0.175,0.978,2.849,0.86,0.958,-7.012747618344182,0.8,0.644,0.54,0.492,0.4,-0.19999926955094974,0.1999997751173651,-0.19999993327359353,0.08163423389667408,0.19999767994918344,0.00016699589054187963,6.846747228515401e-06,0.0015222229919217454,4.859123595271163e-05,5.33941319182901e-05
3.01,0.849,9.263,0.978,0.937,7.058857308459622,0.8,0.8,0.616,0.486,0.4,-0.19999885947654725,0.19999886539999415,0.19999737128401407,-0.19999927332024858,0.19999983919840572,0.0009830923582987378,1.74787177414088e-05,0.0056062458133903596,0.00019068698323160393,0.00022327152134194621
4.946,0.846,2.555,0.879,0.875,3.221910763493004,0.8,0.8,0.603,0.437,0.4,0.05000017309215515,-0.199998360493565,0.1999978055137324,-0.19999997209247966,0.19999917463106898,0.0018567061235028877,2.192705332598211e-05,0.0012742084329188446,7.215738028449025e-05,0.0001355500135401814
6.757,0.809,3.433,0.929,0.857,5.1433269643902015,0.8,0.8,0.606,0.417,0.4,-0.19999848111052337,0.050000103400236195,0.19999986650175486,-0.1999979565656827,0.199998835781977,0.0026993261209118705,2.6475759104781986e-05,0.00164875386776554,9.40650867823211e-05,0.00011949148315019009
8.231,0.805,2.108,0.924,0.82,3.1365469543045057,0.8,0.8,0.591,0.404,0.4,-0.19999661294289423,0.05000006050151424,0.19999988640111058,-0.19999935195043014,0.19999804430132462,0.0030259813505562816,2.7579178508087992e-05,0.0010540543474736772,7.172681625022316e-05,6.59898283149758e-05
8.467,0.912,4.549,0.87,0.917,8.981918236869266,0.8,0.8,0.629,0.432,0.4,-0.0969686285457657,-0.1999990686160621,0.19999837835528816,-0.19999925584259376,0.19999925944820848,0.004786418886116799,3.498277069203029e-05,0.0026316347938229344,9.932972571650152e-05,0.00038105813453308106
4.202,0.873,1.849,0.904,0.802,0.0004524255990019046,0.8,0.799,0.595,0.444,0.4,-0.19999933386278648,0.050000667112478976,0.1999975418984889,-0.1999971481198711,0.19999940612945055,0.0012123776643867383,1.8935924608908447e-05,0.0009171653493423485,6.260757450080777e-05,7.090682013289393e-05
0.931,0.994,4.839,0.849,0.906,-1.9491387689317197,0.8,0.664,0.526,0.497,0.4,-0.19999953604231435,0.19999972023387758,-0.19999970049769267,0.08128254479722175,0.19999918284757937,0.0002212276920858152,9.538559484144093e-06,0.0031782218922037525,7.796548731751082e-05,9.226258700152713e-05
9.842,0.867,6.737,0.839,0.871,11.752916118684977,0.8,0.8,0.649,0.44,0.4,0.050001700850964954,-0.19999883233616023,0.19999516795576625,-0.19999837319111693,0.1999997810958318,0.005231013131467031,3.764127247465512e-05,0.0037058242274018403,0.00011915725495999302,0.00040204748205403465
0.873,0.846,4.111,0.862,0.913,0.5927663125122876,0.8,0.8,0.606,0.479,0.4,-0.19999923210992024,0.19999957930327672,0.19999967485544803,-0.1999995706952873,0.1999984848766112,0.00040810509034215923,1.2248457638125305e-05,0.002204090787478754,8.261168232389346e-05,0.00014602879724828402
3.651,0.89,4.961,0.815,0.914,6.021706559787222,0.8,0.639,0.402,0.402,0.4,-0.19999829264873886,0.1999994807320954,0.07063658532081904,-0.19999993536864766,0.19999990082642935,0.00105559148741231,2.197740481832575e-05,0.0032131930907699125,9.382199609368876e-05,0.00030858256998635706
9.24,0.832,8.669,0.817,0.915,12.802747226769402,0.8,0.8,0.618,0.441,0.4,-0.19999968809555543,0.199998172008504,0.19999805838049733,-0.1999996111916843,0.1999992731616505,0.004891524472985884,3.7464913250975086e-05,0.004895840482387034,0.00014765288904280751,0.0004857990560040962
3.009,0.837,3.232,0.933,0.913,3.33892290543146,0.8,0.604,0.51,0.401,0.4,-0.19999943276315849,0.1999997446046665,-0.1999999477008705,-0.08535379916020142,0.19999876541857478,0.0016320651331913976,2.1771079259452322e-05,0.0015500916225263668,8.631825505916484e-05,0.00024331602408938434
8.245,0.836,8.773,0.9,0.993,12.268568617617813,0.8,0.8,0.619,0.498,0.4,0.19999804947941077,-0.19999843394494057,0.19999969483133342,-0.19999999540362803,0.19999917710056356,0.004998905392206166,3.3282663181547476e-05,0.005187639956378456,0.00017038019693161715,0.0004837300782246624
0.338,0.898,8.461,0.882,0.926,0.44668927889629995,0.8,0.8,0.608,0.484,0.4,0.19999833177328122,-0.19999942753579217,0.19999773245766522,-0.19999960575438244,0.19999955012078846,0.00021445517955367933,1.1280433713371965e-05,0.004432065524054791,0.00013543886033314718,7.925403873745249e-05
5.539,0.879,0.481,0.905,0.831,-2.983042435635694,0.8,0.766,0.546,0.545,0.4,-0.19999877563142518,0.050000308400696546,-0.1999987122423206,0.1999966018936825,0.19999875260507943,0.0017918649074534533,2.077281730068437e-05,0.0005285171754231452,4.355202221934461e-05,3.386650160873829e-05
3.791,0.913,5.956,0.89,0.891,6.833822691274307,0.8,0.719,0.656,0.496,0.4,-0.19999966357035476,-0.07836206175091982,0.19999916592367714,-0.19999953285803757,0.19999975852722648,0.001242008459849807,2.29811384407801e-05,0.00540320075752185,0.00011930966904995665,0.0003845056638185076
2.186,0.806,2.871,0.835,0.861,2.028992383395193,0.8,0.8,0.558,0.558,0.4,0.05000022117741498,-0.1999979756534166,-0.19999987745071024,0.19999744375099737,0.19999969538044446,0.0008690603133442229,1.682654277274911e-05,0.001589701552577216,7.49252969420927e-05,0.00012838599485227262
1.543,0.827,3.627,0.936,0.839,2.2655219481334803,0.8,0.557,0.556,0.556,0.4,-0.1999996897598628,-0.05000125286255392,-0.1999999426569529,0.1999972072037931,0.19999860622515261,0.0007829620637148635,1.7046682059034847e-05,0.002074056819559116,9.83102222635662e-05,0.0001955699639093055
5.459,0.972,6.859,0.866,0.812,8.049791854122166,0.8,0.792,0.661,0.477,0.4,-0.19999951170728061,-0.05000061397661406,0.19999856324452536,-0.19999988712186867,0.19999984778895977,0.001474066373837708,2.806697499097885e-05,0.005948147599106151,0.00012645405575884187,0.0003255704904661548
2.594,0.809,5.82,0.823,0.922,5.11930113162402,0.8,0.8,0.609,0.451,0.4,0.19999776663570423,-0.19999920518305175,0.19999779624953015,-0.19999969377886437,0.19999990734880868,0.000857165920282724,1.7218856697817263e-05,0.0030142943911985174,0.00010935571655145053,0.00019036733229543912
2.962,0.962,3.503,0.958,0.912,1.2869335324310174,0.8,0.627,0.569,0.4,0.4,-0.1999989141220777,0.19999731344456137,-0.1999997675314531,-0.12901769918882183,0.1999997490913821,0.0008747461677472557,1.5682448060640023e-05,0.0020941138139547936,9.087526484300232e-05,0.0001827610710142371
9.275,0.974,5.846,0.981,0.863,9.101297204501485,0.8,0.641,0.579,0.4,0.4,-0.19999894212392258,0.19999884098820858,-0.19999997457768479,-0.11687039285390269,0.19999914480636938,0.004611434439853087,4.075760319697875e-05,0.003244502357142325,0.0001406970670882891,0.0002761261200767377
1.856,0.877,8.319,0.84,0.983,4.507087035325028,0.8,0.8,0.612,0.4,0.4,0.1999987833470465,-0.19999968734715157,0.19999784314175437,0.1999997082233816,-0.1999998355981628,0.000523869697791677,1.5506238699734807e-05,0.004960152006371233,0.00013763699788835843,0.00014457779494385375
1.067,0.937,5.35,0.874,0.883,0.6373760141352043,0.8,0.646,0.501,0.401,0.4,-0.19999895792713215,0.199998448268824,-0.1999993962144844,0.08436774048048343,0.1999997653229545,0.00027748753637692436,1.2207164863287015e-05,0.0032656511023005236,9.598808831215674e-05,0.0001388023277896837
6.427,0.908,5.119,0.922,0.899,7.894688351604569,0.8,0.634,0.558,0.401,0.4,-0.19999923895957078,0.19999809805660604,-0.19999962690745682,-0.11153355627720432,0.19999995039508678,0.0032724679348768494,2.760122418758755e-05,0.002880147371864451,0.00011305900976458555,0.0003391397139669333
2.022,0.957,8.605,0.865,0.85,4.287796455508384,0.8,0.735,0.523,0.523,0.4,-0.1999988613094759,0.19999895254536607,-0.1999997290810053,0.09452435156280435,0.19999977821104817,0.0004070112890135447,1.537982090058068e-05,0.00607064119328927,0.00014027021697235855,0.00015906065549629257
5.689,0.813,8.881,0.986,0.936,9.997055006071907,0.8,0.8,0.616,0.485,0.4,0.19999914915328346,-0.1999990572789272,0.19999960362925276,-0.19999965312179938,0.19999946621920714,0.0027829483927344495,2.5531396451002842e-05,0.0051678272703491466,0.00019875900296419295,0.00031695346995384274
3.108,0.964,3.348,0.839,0.822,2.3559895011802423,0.8,0.687,0.586,0.586,0.4,-0.19999901379625623,-0.05000141808202251,-0.19999852335846166,0.19999940974788546,0.1999999149503467,0.0007702186653269867,2.0383517725460594e-05,0.0022679994941658703,7.571570205242028e-05,0.00017993284900454884
9.191,0.928,7.537,0.828,0.817,12.035938638623515,0.8,0.696,0.696,0.491,0.4,-0.199999788174555,0.19999883651766515,-0.0753894445888383,-0.19999853971139106,0.19999984218442973,0.004328752819836517,4.044873385475696e-05,0.005824509006856047,0.00012097569940641416,0.0005005453440990315
0.482,0.936,7.987,0.96,0.993,-0.9187553463750139,0.8,0.709,0.526,0.517,0.4,-0.19999938344835824,0.1999999192384585,0.09654084135051146,-0.1999989296971676,0.19999986651016555,0.00020978301350915317,1.1347956530150742e-05,0.004003969099010734,0.00014033936321762214,5.853369185686079e-05
5.007,0.894,5.008,0.83,0.964,7.856217642780203,0.8,0.749,0.653,0.477,0.4,-0.19999956447602205,-0.08670122823787982,0.19999968743804422,-0.1999995825677238,0.1999995779225735,0.0019135159837840514,2.83519993858201e-05,0.004061232550499943,9.228007178625171e-05,0.00045725504794431914
5.219,0.94,2.699,0.935,0.982,3.5073769033692024,0.8,0.8,0.595,0.403,0.4,-0.19999963635844342,-0.09949718679745181,0.19999934232462954,-0.1999995873100208,0.19999992846741177,0.0027837549092380974,2.079884643114948e-05,0.0014166662930702309,8.166362712004011e-05,0.00023601526806687172
3.554,0.868,9.331,0.983,0.967,7.9683047647449365,0.8,0.8,0.579,0.578,0.4,0.1999997411665957,-0.19999970605225303,-0.19999905786082892,0.19999326394704306,0.19999989440457122,0.0012444164415542584,1.8871452106617835e-05,0.006465688634105435,0.00020660324070453416,0.00025875612943873465
2.752,0.928,6.239,0.956,0.896,4.742819966333907,0.8,0.644,0.486,0.4,0.4,-0.1999982311231564,0.19999995771978551,-0.19999938291749855,0.07869988241040397,0.1999998796746681,0.000735080821409158,1.7289877936114805e-05,0.004709011349522907,0.00012934758731632254,0.00025967718256585185
2.57,0.937,6.636,0.955,0.965,3.884935287145953,0.8,0.65,0.499,0.401,0.4,-0.19999981130188632,0.199998686227303,-0.19999923607011671,0.07074166752758518,0.19999975519619112,0.00055696646094704,1.6058336058408926e-05,0.00428818635302117,0.00012961870288000481,0.0001754136107168716
0.46,0.874,2.423,0.926,0.998,-3.5591077183408633,0.8,0.61,0.503,0.4,0.4,-0.19999970253648547,0.19999902251959958,-0.19999932459078582,0.07403177776797976,0.1999988141832576,0.000288723073067925,1.1189229718856776e-05,0.0011627558717320831,5.69795502838659e-05,9.588248737006446e-05
6.204,0.902,2.982,0.931,0.855,4.161348337766453,0.8,0.8,0.608,0.451,0.4,-0.1999975484195732,0.05000035145380662,0.19999775292029942,-0.19999839340771797,0.19999818465818409,0.002541199086254348,2.415161128408044e-05,0.0014165935275527125,8.429454808730836e-05,0.0001528874961715016
2.026,0.841,1.526,0.951,0.845,-1.4271355338465155,0.8,0.582,0.476,0.426,0.4,-0.19999914700413854,0.19999910202172855,-0.1999993246684803,-0.05009174463432859,0.19999995769269716,0.0010781107429787308,1.738850519540774e-05,0.0007647074186758174,5.779439248016054e-05,0.0001345401443760314
6.563,0.991,9.709,0.82,0.848,10.477542856090526,0.8,0.754,0.631,0.497,0.4,-0.1999996943902166,0.1999992945748992,0.08202072718100717,-0.19999936594987056,0.19999899864907106,0.001585458742795572,3.2031126708036836e-05,0.009896631161502436,0.0001421730939236435,0.0003586962106588456
6.476,0.901,5.283,0.979,0.94,7.586551059329757,0.8,0.63,0.561,0.402,0.4,-0.19999913694964425,0.1999981590338295,-0.19999974996377373,-0.11766337867135931,0.19999977973706423,0.0033060324079954625,2.6685700526277705e-05,0.002740871133913905,0.00012803311516523553,0.000287070082467792
4.997,0.851,2.581,0.819,0.913,4.2923172233772595,0.8,0.8,0.611,0.441,0.4,-0.19999871527055293,0.0500009484779631,0.19999679845204985,-0.1999987093919158,0.1999997131250679,0.0019727343109895686,2.3392161775279068e-05,0.0013686636323255001,6.49737205829978e-05,0.00019373572155017538
1.531,0.832,9.855,0.981,0.837,5.1111038997425045,0.8,0.8,0.611,0.462,0.4,0.1999988433933495,-0.19999888770232432,0.19999593174278163,-0.19999931385163788,0.19999913249349727,0.0005250040816146311,1.4493419827114349e-05,0.005617103690627015,0.00020392456284894025,0.00014371462932022267
2.01,0.866,2.965,0.819,0.867,1.8904935654388602,0.8,0.8,0.614,0.471,0.4,0.050000846029022356,-0.19999997140149472,0.19999866898430535,-0.19999976326820368,0.19999736804009016,0.0006863162568224281,1.6377027776741992e-05,0.001725064093618449,6.754240898274587e-05,0.00020128163802700193
8.859,0.958,4.247,0.896,0.8,8.05516887663591,0.8,0.632,0.59,0.511,0.4,-0.1999996065521252,0.1999989740445284,-0.05080351509425687,-0.19999988763391605,0.19999818033989214,0.004357349026115975,3.6606411826273876e-05,0.002388112870883023,0.00010038450424281546,0.0002745396953241131
6.064,0.932,3.072,0.992,0.907,3.8755526749534606,0.8,0.604,0.572,0.4,0.4,-0.1999997987997613,0.19999724228553695,-0.19999958055273628,-0.11978655807688462,0.1999994886325638,0.0029457819459801893,2.4655492463125387e-05,0.0014084477166946144,9.122156951341492e-05,0.00018383045335608063
7.194,0.921,6.899,0.885,0.89,10.263489963134031,0.8,0.8,0.662,0.442,0.4,-0.09617205260010915,-0.1999999426455146,0.19999687852574907,-0.1999995734276708,0.19999953886380176,0.0032669460864553873,3.309585534111051e-05,0.005507206428966911,0.00013431766342572916,0.00047366293460205066
2.288,0.838,8.864,0.944,0.907,5.896347216473684,0.8,0.8,0.612,0.478,0.4,0.1999986902773768,-0.1999995526282506,0.1999978887246241,-0.19999992057332489,0.19999990391799435,0.0007226441833111827,1.603361171920848e-05,0.005057680741201161,0.0001754783241069502,0.00018110716590143198
2.147,0.982,8.172,0.981,0.941,3.2833191119192096,0.8,0.603,0.603,0.542,0.4,-0.19999925566860147,-0.19999967791978795,0.1999992200535194,0.06497665782025482,0.1999999473292099,0.00047084337279199837,1.468642849224627e-05,0.00686196396498822,0.00018117811047476976,0.0001290308366039516
8.369,0.994,4.472,0.857,0.954,9.667700428714639,0.746,0.746,0.744,0.473,0.4,0.1999971261368614,-0.19999919941978941,-0.08810198166692944,-0.19999998120508608,0.19999911775134183,0.0035726424031782386,5.899446931768062e-05,0.005098352255973224,0.00015487743902216063,0.00035606297707691496
7.323,0.913,3.012,0.956,0.9,5.017656680566342,0.8,0.8,0.603,0.44,0.4,-0.19999888110160224,0.05000047723979521,0.19999855683152318,-0.19999849755948992,0.19999732439056878,0.00377420557542454,2.6909449170972998e-05,0.0014395717706428585,8.927534277433156e-05,0.00017843024161138765
6.723,0.898,8.255,0.806,0.962,11.336226053042484,0.8,0.599,0.599,0.4,0.4,-0.1999995263277257,-0.19999899726463088,0.1999994149369092,0.06550834735382365,0.19999961765799512,0.0023854203052100943,3.180090020207566e-05,0.006544820989679925,0.0001326700029342921,0.0004203208652783132
